Top pages,Clicks,Impressions,CTR,Position
https://buildcostlab.com/calculators/pipe-bedding-calculator/,4,36,11.11%,7.47
https://buildcostlab.com/calculators/coving-calculator/,3,45,6.67%,6.71
https://buildcostlab.com/calculators/hardcore-calculator/,2,74,2.7%,15.62
https://buildcostlab.com/calculators/geotextile-membrane-calculator/,2,20,10%,7.65
https://buildcostlab.com/guides/pipe-bedding-calculator-by-volume/,2,16,12.5%,8.69
https://buildcostlab.com/calculators/shed-felt-calculator/,2,11,18.18%,2.09
https://buildcostlab.com/calculators/flooring-calculator/,1,251,0.4%,74
https://buildcostlab.com/calculators/skirting-board-calculator/,1,159,0.63%,10.18
https://buildcostlab.com/calculators/turf-calculator/,1,86,1.16%,67.86
https://buildcostlab.com/calculators/drainage-pipe-calculator/,1,27,3.7%,32.41
https://buildcostlab.com/guides/mulch-depth-guide/,1,10,10%,39.5
https://buildcostlab.com/guides/kerb-length-calculator/,1,4,25%,8.25
https://buildcostlab.com/calculators/ducting-calculator/,1,3,33.33%,1
https://buildcostlab.com/calculators/paving-calculator/,0,270,0%,74.34
https://buildcostlab.com/guides/fence-cost-cost-per-m2-guide/,0,176,0%,85.07
https://buildcostlab.com/calculators/mot-type-1-calculator/,0,150,0%,34.35
https://buildcostlab.com/guides/mot-type-1-calculator-by-volume/,0,110,0%,73.45
https://buildcostlab.com/calculators/laminate-flooring-calculator/,0,79,0%,71.8
https://buildcostlab.com/calculators/pea-gravel-calculator/,0,74,0%,69.24
https://buildcostlab.com/guides/tile-grout-calculator-by-area/,0,74,0%,70.38
https://buildcostlab.com/calculators/gutter-calculator/,0,68,0%,52.99
https://buildcostlab.com/calculators/plasterboard-calculator/,0,68,0%,60.75
https://buildcostlab.com/,0,67,0%,25.73
https://buildcostlab.com/guides/sand-calculator-by-volume/,0,66,0%,73.95
https://buildcostlab.com/calculators/roof-batten-calculator/,0,55,0%,17.89
https://buildcostlab.com/calculators/tile-calculator/,0,55,0%,67.25
https://buildcostlab.com/guides/self-levelling-compound-calculator-by-area/,0,53,0%,63.49
https://buildcostlab.com/calculators/roof-felt-calculator/,0,52,0%,16.6
https://buildcostlab.com/calculators/loft-insulation-calculator/,0,52,0%,68.1
https://buildcostlab.com/calculators/sub-base-calculator/,0,49,0%,53.8
https://buildcostlab.com/calculators/render-calculator/,0,46,0%,26.65
https://buildcostlab.com/calculators/decking-calculator/,0,45,0%,76.78
https://buildcostlab.com/calculators/paving-jointing-compound-calculator/,0,44,0%,6.68
https://buildcostlab.com/calculators/cladding-calculator/,0,44,0%,19.34
https://buildcostlab.com/calculators/tile-backer-board-calculator/,0,42,0%,6.14
https://buildcostlab.com/calculators/tile-adhesive-calculator/,0,40,0%,66.83
https://buildcostlab.com/calculators/paving-sand-calculator/,0,40,0%,75.03
https://buildcostlab.com/calculators/dpm-calculator/,0,39,0%,16.1
https://buildcostlab.com/calculators/ballast-calculator/,0,37,0%,12.46
https://buildcostlab.com/calculators/plasterboard-adhesive-calculator/,0,36,0%,24.03
https://buildcostlab.com/guides/plasterboard-adhesive-how-much-do-i-need/,0,35,0%,11.54
https://buildcostlab.com/calculators/skim-plaster-calculator/,0,35,0%,17.51
https://buildcostlab.com/calculators/screed-calculator/,0,34,0%,80.21
https://buildcostlab.com/calculators/roofing-cost-calculator/,0,33,0%,63.39
https://buildcostlab.com/calculators/vinyl-plank-flooring-calculator/,0,31,0%,72.29
https://buildcostlab.com/calculators/fence-post-calculator/,0,31,0%,81.74
https://buildcostlab.com/calculators/french-drain-gravel-calculator/,0,29,0%,49.45
https://buildcostlab.com/calculators/bark-calculator/,0,28,0%,57.71
https://buildcostlab.com/calculators/joint-compound-calculator/,0,25,0%,10.44
https://buildcostlab.com/guides/,0,25,0%,23.84
https://buildcostlab.com/calculators/self-levelling-compound-calculator/,0,25,0%,55.36
https://buildcostlab.com/guides/flooring-packs-calculator/,0,23,0%,72.7
https://buildcostlab.com/guides/driveway-gravel-calculator-by-volume/,0,22,0%,64.32
https://buildcostlab.com/guides/mortar-how-much-do-i-need/,0,22,0%,76.55
https://buildcostlab.com/calculators/underlay-calculator/,0,21,0%,32.95
https://buildcostlab.com/calculators/ceiling-paint-calculator/,0,21,0%,60.33
https://buildcostlab.com/guides/how-many-wallpaper-rolls-do-i-need/,0,21,0%,94.52
https://buildcostlab.com/calculators/fascia-calculator/,0,20,0%,5.2
https://buildcostlab.com/calculators/sand-calculator/,0,20,0%,64.55
https://buildcostlab.com/clusters/flooring-estimating/,0,20,0%,68.5
https://buildcostlab.com/calculators/weed-membrane-calculator/,0,19,0%,7.05
https://buildcostlab.com/calculators/grass-seed-calculator/,0,19,0%,59.79
https://buildcostlab.com/calculators/soffit-calculator/,0,18,0%,39.44
https://buildcostlab.com/calculators/mortar-calculator/,0,18,0%,72.44
https://buildcostlab.com/guides/loft-insulation-waste-and-fit-guide/,0,17,0%,5.06
https://buildcostlab.com/calculators/topsoil-calculator/,0,17,0%,40.71
https://buildcostlab.com/guides/bark-how-much-do-i-need/,0,17,0%,52.71
https://buildcostlab.com/calculators/kerb-calculator/,0,16,0%,3
https://buildcostlab.com/calculators/sleepers-calculator/,0,16,0%,6.56
https://buildcostlab.com/guides/compost-calculator-by-volume/,0,16,0%,68.75
https://buildcostlab.com/calculators/mesh-calculator/,0,15,0%,23
https://buildcostlab.com/calculators/footing-concrete-calculator/,0,15,0%,82.07
https://buildcostlab.com/guides/fence-post-how-much-do-i-need/,0,14,0%,3.29
https://buildcostlab.com/calculators/edging-calculator/,0,14,0%,7.14
https://buildcostlab.com/calculators/tile-grout-calculator/,0,13,0%,58.15
https://buildcostlab.com/guides/brick-calculator-by-area/,0,12,0%,31.58
https://buildcostlab.com/calculators/paint-calculator/,0,12,0%,68.75
https://buildcostlab.com/guides/filler-calculator-by-area/,0,11,0%,5.27
https://buildcostlab.com/calculators/architrave-calculator/,0,11,0%,6.91
https://buildcostlab.com/clusters/drainage-estimating/,0,11,0%,31.64
https://buildcostlab.com/clusters/insulation-estimating/,0,11,0%,59.91
https://buildcostlab.com/guides/patio-slabs-calculator/,0,11,0%,59.91
https://buildcostlab.com/guides/dpm-how-much-do-i-need/,0,10,0%,2.3
https://buildcostlab.com/calculators/gutter-guard-calculator/,0,10,0%,31.7
https://buildcostlab.com/calculators/sharp-sand-calculator/,0,10,0%,40.1
https://buildcostlab.com/calculators/artificial-grass-calculator/,0,10,0%,47.4
https://buildcostlab.com/calculators/concrete-calculator/,0,10,0%,66.3
https://buildcostlab.com/calculators/acoustic-insulation-calculator/,0,9,0%,13.89
https://buildcostlab.com/guides/skirting-board-how-much-do-i-need/,0,9,0%,36.67
https://buildcostlab.com/guides/roof-felt-coverage-guide/,0,9,0%,44.67
https://buildcostlab.com/guides/shed-cladding-calculator/,0,9,0%,48.44
https://buildcostlab.com/guides/block-calculator-by-area/,0,9,0%,51.44
https://buildcostlab.com/guides/gutter-how-much-do-i-need/,0,9,0%,61.78
https://buildcostlab.com/guides/fence-panels-calculator/,0,9,0%,75
https://buildcostlab.com/quote-checklist/,0,8,0%,5.75
https://buildcostlab.com/calculators/primer-calculator/,0,8,0%,19.88
https://buildcostlab.com/calculators/deck-screws-calculator/,0,8,0%,23.12
https://buildcostlab.com/guides/cladding-calculator-by-area/,0,8,0%,34.75
https://buildcostlab.com/clusters/paving-and-patio-estimating/,0,8,0%,72.62
https://buildcostlab.com/guides/timber-vs-composite-decking-costs/,0,8,0%,74.38
https://buildcostlab.com/calculators/gravel-calculator/,0,7,0%,3.29
https://buildcostlab.com/clusters/exterior-finish-estimating/,0,7,0%,6
https://buildcostlab.com/calculators/drywall-screws-calculator/,0,7,0%,14.29
https://buildcostlab.com/calculators/mulch-calculator/,0,7,0%,26.14
https://buildcostlab.com/calculators/plaster-bead-calculator/,0,7,0%,27.86
https://buildcostlab.com/calculators/roofing-shingle-calculator/,0,7,0%,62.86
https://buildcostlab.com/editorial-policy/,0,6,0%,4.33
https://buildcostlab.com/calculators/concrete-fibre-calculator/,0,6,0%,6.5
https://buildcostlab.com/calculators/downpipe-calculator/,0,6,0%,7
https://buildcostlab.com/clusters/gravel-and-aggregate-estimating/,0,6,0%,7
https://buildcostlab.com/calculators/compost-calculator/,0,6,0%,20
https://buildcostlab.com/calculators/wood-stain-calculator/,0,6,0%,36.83
https://buildcostlab.com/guides/french-drain-gravel-calculator-by-volume/,0,6,0%,63
https://buildcostlab.com/guides/loft-insulation-calculator-by-area/,0,6,0%,68
https://buildcostlab.com/calculators/block-calculator/,0,6,0%,81.67
https://buildcostlab.com/guides/render-cost-budget-planning-guide/,0,5,0%,3.6
https://buildcostlab.com/calculators/filler-calculator/,0,5,0%,5.6
https://buildcostlab.com/guides/panel-fence-vs-closeboard-guide/,0,5,0%,6.6
https://buildcostlab.com/calculators/masonry-sealer-calculator/,0,5,0%,7
https://buildcostlab.com/calculators/insulation-board-calculator/,0,5,0%,18
https://buildcostlab.com/calculators/,0,5,0%,24.6
https://buildcostlab.com/clusters/trim-and-joinery-estimating/,0,5,0%,29.2
https://buildcostlab.com/clusters/tile-estimating/,0,5,0%,34.4
https://buildcostlab.com/calculators/exterior-paint-calculator/,0,5,0%,41.4
https://buildcostlab.com/guides/room-painting-cost-labour-vs-materials-guide/,0,5,0%,46.6
https://buildcostlab.com/calculators/rebar-calculator/,0,5,0%,50.6
https://buildcostlab.com/clusters/drywall-and-finish-estimating/,0,5,0%,55.2
https://buildcostlab.com/calculators/deck-joist-calculator/,0,5,0%,58.4
https://buildcostlab.com/guides/gravel-calculator-for-driveway/,0,5,0%,59.2
https://buildcostlab.com/calculators/gravel-board-calculator/,0,4,0%,6.75
https://buildcostlab.com/guides/rebar-length-calculator/,0,4,0%,7.25
https://buildcostlab.com/guides/ballast-how-much-do-i-need/,0,4,0%,25.25
https://buildcostlab.com/guides/concrete-for-slab-calculator/,0,4,0%,53.5
https://buildcostlab.com/clusters/soil-and-landscaping-estimating/,0,4,0%,60
https://buildcostlab.com/clusters/aggregate-and-base-estimating/,0,4,0%,82
https://buildcostlab.com/clusters/decking-estimating/,0,4,0%,82.25
https://buildcostlab.com/guides/decking-waste-guide/,0,3,0%,4.33
https://buildcostlab.com/guides/mortar-waste-guide/,0,3,0%,5
https://buildcostlab.com/guides/sharp-sand-calculator-by-volume/,0,3,0%,25.33
https://buildcostlab.com/guides/paving-sand-how-much-do-i-need/,0,3,0%,26.67
https://buildcostlab.com/locations/north-of-england/,0,2,0%,4
https://buildcostlab.com/clusters/,0,2,0%,5
https://buildcostlab.com/calculators/brick-calculator/,0,2,0%,6
https://buildcostlab.com/guides/rebar-how-much-do-i-need/,0,2,0%,7
https://buildcostlab.com/guides/hardcore-how-much-do-i-need/,0,2,0%,8
https://buildcostlab.com/guides/plaster-bead-length-calculator/,0,2,0%,8
https://buildcostlab.com/guides/tile-grout-how-much-do-i-need/,0,2,0%,8
https://buildcostlab.com/guides/render-substrate-and-waste-guide/,0,2,0%,13.5
https://buildcostlab.com/guides/roofing-shingle-coverage-guide/,0,2,0%,30
https://buildcostlab.com/clusters/concrete-estimating/,0,2,0%,30.5
https://buildcostlab.com/guides/primer-calculator-by-area/,0,2,0%,36
https://buildcostlab.com/clusters/floor-prep-estimating/,0,2,0%,45.5
https://buildcostlab.com/calculators/slab-concrete-calculator/,0,2,0%,49
https://buildcostlab.com/calculators/driveway-gravel-calculator/,0,2,0%,98
https://buildcostlab.com/clusters/roofing-estimating/,0,1,0%,2
https://buildcostlab.com/contact/,0,1,0%,2
https://buildcostlab.com/about/,0,1,0%,3
https://buildcostlab.com/locations/glasgow/,0,1,0%,3
https://buildcostlab.com/guides/fascia-how-much-do-i-need/,0,1,0%,4
https://buildcostlab.com/guides/gravel-vs-sub-base-guide/,0,1,0%,5
https://buildcostlab.com/guides/plastering-cost-quote-brief-guide/,0,1,0%,5
https://buildcostlab.com/clusters/paint-estimating/,0,1,0%,6
https://buildcostlab.com/guides/brick-how-much-do-i-need/,0,1,0%,6
https://buildcostlab.com/clusters/brick-and-block-estimating/,0,1,0%,7
https://buildcostlab.com/guides/insulation-cost-budget-planning-guide/,0,1,0%,7
https://buildcostlab.com/guides/tiling-cost-budget-planning-guide/,0,1,0%,7
https://buildcostlab.com/clusters/landscape-joinery-estimating/,0,1,0%,8
https://buildcostlab.com/guides/acoustic-insulation-waste-and-fit-guide/,0,1,0%,8
https://buildcostlab.com/calculators/fence-calculator/,0,1,0%,9
https://buildcostlab.com/guides/joint-compound-how-much-do-i-need/,0,1,0%,9
https://buildcostlab.com/locations/leeds/,0,1,0%,11
https://buildcostlab.com/guides/weed-membrane-calculator-for-gravel/,0,1,0%,13
https://buildcostlab.com/locations/london/,0,1,0%,43
https://buildcostlab.com/guides/masonry-sealer-calculator-by-area/,0,1,0%,86